{
  "best_model": "LogisticRegression",
  "test_accuracy": 0.7562,
  "f1_score": 0.7535,
  "classes": [
    "Average",
    "Excellent",
    "Good",
    "Poor"
  ],
  "feature_names": [
    "study_hours_per_day",
    "attendance_percentage",
    "assignments_completed",
    "previous_semester_marks",
    "class_participation",
    "sleep_hours",
    "extracurricular_activities"
  ],
  "feature_importances": {
    "study_hours_per_day": 2.1942,
    "attendance_percentage": 1.0196,
    "assignments_completed": 2.928,
    "previous_semester_marks": 1.4608,
    "class_participation": 0.7641,
    "sleep_hours": 0.3742,
    "extracurricular_activities": 0.3333
  },
  "confusion_matrix": [
    [
      32,
      0,
      8,
      8
    ],
    [
      0,
      25,
      7,
      0
    ],
    [
      8,
      6,
      26,
      0
    ],
    [
      2,
      0,
      0,
      38
    ]
  ],
  "classification_report": {
    "Average": {
      "precision": 0.7619047619047619,
      "recall": 0.6666666666666666,
      "f1-score": 0.7111111111111111,
      "support": 48.0
    },
    "Excellent": {
      "precision": 0.8064516129032258,
      "recall": 0.78125,
      "f1-score": 0.7936507936507936,
      "support": 32.0
    },
    "Good": {
      "precision": 0.6341463414634146,
      "recall": 0.65,
      "f1-score": 0.6419753086419753,
      "support": 40.0
    },
    "Poor": {
      "precision": 0.8260869565217391,
      "recall": 0.95,
      "f1-score": 0.8837209302325582,
      "support": 40.0
    },
    "accuracy": 0.75625,
    "macro avg": {
      "precision": 0.7571474181982853,
      "recall": 0.7619791666666667,
      "f1-score": 0.7576145359091095,
      "support": 160.0
    },
    "weighted avg": {
      "precision": 0.7549200756483622,
      "recall": 0.75625,
      "f1-score": 0.7534875517821253,
      "support": 160.0
    }
  },
  "model_comparison": {
    "RandomForest": 0.6812,
    "GradientBoosting": 0.63,
    "LogisticRegression": 0.8038
  }
}